<?xml version="1.0" encoding="UTF-8"?>
<metadata xml:lang="pt"><Esri><CreaDate>20191001</CreaDate><CreaTime>13582000</CreaTime><ArcGISFormat>1.0</ArcGISFormat><SyncOnce>FALSE</SyncOnce><DataProperties><lineage><Process ToolSource="c:\program files (x86)\arcgis\desktop10.3\ArcToolbox\Toolboxes\Data Management Tools.tbx\CalculateField" Date="20180607" Time="154351">CalculateField País País "BR" VB #</Process><Process ToolSource="c:\program files (x86)\arcgis\desktop10.3\ArcToolbox\Toolboxes\Data Management Tools.tbx\CalculateField" Date="20180607" Time="154427">CalculateField País Nombre "Brasil" VB #</Process><Process ToolSource="c:\program files (x86)\arcgis\desktop10.3\ArcToolbox\Toolboxes\Data Management Tools.tbx\CalculateField" Date="20180607" Time="154649">CalculateField País Población "207660929" VB #</Process><Process ToolSource="c:\program files (x86)\arcgis\desktop10.2\ArcToolbox\Toolboxes\Data Management Tools.tbx\FeatureToPolygon" Date="20180615" Time="101331">FeatureToPolygon D:\Marta\GTOD\Revisao_Limites\LIMITE_MIAS_BC250_REVISADO\Pais.shp D:\Marta\GTOD\Revisao_Limites\LIMITE_MIAS_BC250_REVISADO\Limite_Mias_BC250_REV20180614.gdb\topo_lm\Pais_A_20180614 # ATTRIBUTES #</Process><Process Name="Add Field (4)" ToolSource="c:\program files (x86)\arcgis\desktop10.3\ArcToolbox\Toolboxes\Data Management Tools.tbx\AddField" Date="20180627" Time="095500">AddField Pais_A_20180614 DIFERENCA TEXT # # 50 # NULLABLE NON_REQUIRED #</Process><Process Name="Add Field (4)" ToolSource="c:\program files (x86)\arcgis\desktop10.3\ArcToolbox\Toolboxes\Data Management Tools.tbx\AddField" Date="20180627" Time="115035">AddField Pais_A_20180614 DIFERENCA TEXT # # 50 # NULLABLE NON_REQUIRED #</Process><Process ToolSource="c:\program files (x86)\arcgis\desktop10.3\ArcToolbox\Toolboxes\Data Management Tools.tbx\CopyFeatures" Date="20190823" Time="072729">CopyFeatures "E:\Andre\BDIA_VEG_Revisado_240719\Nova pasta\LM_Brasil_Sirgas_20180614.shp" "E:\Andre\BDIA_VEG_Revisado_240719\Nova pasta\230819.gdb\Temp_1\LM_Brasil_Sirgas_20180614" # 0 0 0</Process><Process ToolSource="c:\program files (x86)\arcgis\desktop10.3\ArcToolbox\Toolboxes\Data Management Tools.tbx\DeleteField" Date="20190828" Time="094317">DeleteField "E:\Andre\BDIA_VEG_Revisado_240719\Nova pasta\Unir.gdb\Temp\LM_Brasil_Sirgas_20180614" OBJECTID;DIFERENCA;Shape_Leng</Process><Process Name="Copy Features" ToolSource="c:\program files (x86)\arcgis\desktop10.3\ArcToolbox\Toolboxes\Data Management Tools.tbx\CopyFeatures" Date="20190828" Time="104124">CopyFeatures LM_Brasil_Sirgas_20180614_Lax "E:\Andre\BDIA_VEG_Revisado_240719\Nova pasta\Unir.gdb\Temp\Trr" # 0 0 0</Process><Process Name="Union (2)" ToolSource="c:\program files (x86)\arcgis\desktop10.3\ArcToolbox\Toolboxes\Analysis Tools.tbx\Union" Date="20190828" Time="104141">Union "'E:\Andre\BDIA_VEG_Revisado_240719\Nova pasta\Unir.gdb\Temp\Trr' #;'E:\Andre\BDIA_VEG_Revisado_240719\Nova pasta\Unir.gdb\Temp\BiomaG' #" "E:\Andre\BDIA_VEG_Revisado_240719\Nova pasta\Unir.gdb\Temp\Union" ALL # NO_GAPS</Process><Process Name="Multipart To Singlepart (2)" ToolSource="c:\program files (x86)\arcgis\desktop10.3\ArcToolbox\Toolboxes\Data Management Tools.tbx\MultipartToSinglepart" Date="20190828" Time="104146">MultipartToSinglepart "E:\Andre\BDIA_VEG_Revisado_240719\Nova pasta\Unir.gdb\Temp\Union" "E:\Andre\BDIA_VEG_Revisado_240719\Nova pasta\Unir.gdb\Temp\Unionsp"</Process><Process Name="Copy Features (3)" ToolSource="c:\program files (x86)\arcgis\desktop10.3\ArcToolbox\Toolboxes\Data Management Tools.tbx\CopyFeatures" Date="20190828" Time="104151">CopyFeatures Unionsp_Layer "E:\Andre\BDIA_VEG_Revisado_240719\Nova pasta\Unir.gdb\Temp\Trr2" # 0 0 0</Process><Process Name="Eliminate" ToolSource="c:\program files (x86)\arcgis\desktop10.3\ArcToolbox\Toolboxes\Data Management Tools.tbx\Eliminate" Date="20190828" Time="104215">Eliminate Trr2_Layer1 "E:\Andre\BDIA_VEG_Revisado_240719\Nova pasta\Unir.gdb\Temp\Unione" LENGTH # #</Process><Process Name="Dissolve" ToolSource="c:\program files (x86)\arcgis\desktop10.3\ArcToolbox\Toolboxes\Data Management Tools.tbx\Dissolve" Date="20190828" Time="104219">Dissolve "E:\Andre\BDIA_VEG_Revisado_240719\Nova pasta\Unir.gdb\Temp\Unione" "E:\Andre\BDIA_VEG_Revisado_240719\Nova pasta\Unir.gdb\Temp\UnionFinal_Dissolve" Bioma # SINGLE_PART DISSOLVE_LINES</Process><Process Name="Merge" ToolSource="c:\program files (x86)\arcgis\desktop10.3\ArcToolbox\Toolboxes\Data Management Tools.tbx\Merge" Date="20190828" Time="104224">Merge 'E:\Andre\BDIA_VEG_Revisado_240719\Nova pasta\Unir.gdb\Temp\UnionFinal_Dissolve';'E:\Andre\BDIA_VEG_Revisado_240719\Nova pasta\Unir.gdb\Temp\BioIlha' "E:\Andre\BDIA_VEG_Revisado_240719\Nova pasta\Unir.gdb\Temp\BiomaGF" "Bioma "Bioma" true true false 255 Text 0 0 ,First,#,E:\Andre\BDIA_VEG_Revisado_240719\Nova pasta\Unir.gdb\Temp\UnionFinal_Dissolve,Bioma,-1,-1,E:\Andre\BDIA_VEG_Revisado_240719\Nova pasta\Unir.gdb\Temp\BioIlha,Bioma,-1,-1;Shape_Length "Shape_Length" false true true 8 Double 0 0 ,First,#,E:\Andre\BDIA_VEG_Revisado_240719\Nova pasta\Unir.gdb\Temp\UnionFinal_Dissolve,Shape_Length,-1,-1,E:\Andre\BDIA_VEG_Revisado_240719\Nova pasta\Unir.gdb\Temp\BioIlha,Shape_Length,-1,-1;Shape_Area "Shape_Area" false true true 8 Double 0 0 ,First,#,E:\Andre\BDIA_VEG_Revisado_240719\Nova pasta\Unir.gdb\Temp\UnionFinal_Dissolve,Shape_Area,-1,-1,E:\Andre\BDIA_VEG_Revisado_240719\Nova pasta\Unir.gdb\Temp\BioIlha,Shape_Area,-1,-1"</Process><Process Name="Add Field (2)" ToolSource="c:\program files (x86)\arcgis\desktop10.3\ArcToolbox\Toolboxes\Data Management Tools.tbx\AddField" Date="20190828" Time="104225">AddField "E:\Andre\BDIA_VEG_Revisado_240719\Nova pasta\Unir.gdb\Temp\BiomaGF" Vex FLOAT # # # # NULLABLE NON_REQUIRED #</Process><Process Name="Calculate Field (3)" ToolSource="c:\program files (x86)\arcgis\desktop10.3\ArcToolbox\Toolboxes\Data Management Tools.tbx\CalculateField" Date="20190828" Time="104225">CalculateField "E:\Andre\BDIA_VEG_Revisado_240719\Nova pasta\Unir.gdb\Temp\BiomaGF" Vex !shape!.pointcount PYTHON_9.3 #</Process><Process ToolSource="c:\program files (x86)\arcgis\desktop10.3\ArcToolbox\Toolboxes\Conversion Tools.tbx\FeatureClassToFeatureClass" Date="20190828" Time="104525">FeatureClassToFeatureClass "E:\Andre\BDIA_VEG_Revisado_240719\Nova pasta\Unir.gdb\Temp\BiomaGF" "E:\Andre\BDIA_VEG_Revisado_240719\Nova pasta" BioGF.shp # "Bioma "Bioma" true true false 255 Text 0 0 ,First,#,E:\Andre\BDIA_VEG_Revisado_240719\Nova pasta\Unir.gdb\Temp\BiomaGF,Bioma,-1,-1;Shape_Leng "Shape_Leng" false true true 8 Double 0 0 ,First,#,E:\Andre\BDIA_VEG_Revisado_240719\Nova pasta\Unir.gdb\Temp\BiomaGF,Shape_Length,-1,-1;Shape_Area "Shape_Area" false true true 8 Double 0 0 ,First,#,E:\Andre\BDIA_VEG_Revisado_240719\Nova pasta\Unir.gdb\Temp\BiomaGF,Shape_Area,-1,-1;Vex "Vex" true true false 4 Float 0 0 ,First,#,E:\Andre\BDIA_VEG_Revisado_240719\Nova pasta\Unir.gdb\Temp\BiomaGF,Vex,-1,-1" #</Process><Process ToolSource="c:\program files (x86)\arcgis\desktop10.3\ArcToolbox\Toolboxes\Data Management Tools.tbx\CalculateField" Date="20190930" Time="150911">CalculateField lm_bioma_250 Area_km_1 [area_km] VB #</Process><Process ToolSource="c:\program files (x86)\arcgis\desktop10.3\ArcToolbox\Toolboxes\Data Management Tools.tbx\CalculateField" Date="20190930" Time="150941">CalculateField lm_bioma_250 Area_km [Area_km] VB #</Process><Process ToolSource="c:\program files (x86)\arcgis\desktop10.3\ArcToolbox\Toolboxes\Data Management Tools.tbx\CalculateField" Date="20190930" Time="150954">CalculateField lm_bioma_250 Area_km [Area_km_1] VB #</Process></lineage><itemProps><itemName Sync="TRUE">lm_bioma_250</itemName><imsContentType Sync="TRUE">002</imsContentType><itemLocation><linkage Sync="TRUE">file://\\ibge.gov.br\DGC-CREN\05-PROJETOS\Biomas_250\08_Resultados\finais_entrega\lm_bioma_250</linkage><protocol Sync="TRUE">Local Area Network</protocol></itemLocation><itemSize Sync="TRUE">0.000</itemSize></itemProps><coordRef><type Sync="TRUE">Geographic</type><geogcsn Sync="TRUE">GCS_SIRGAS_2000</geogcsn><csUnits Sync="TRUE">Angular Unit: Degree (0.017453)</csUnits><peXml Sync="TRUE">&lt;GeographicCoordinateSystem xsi:type='typens:GeographicCoordinateSystem' xmlns:xsi='http://www.w3.org/2001/XMLSchema-instance' xmlns:xs='http://www.w3.org/2001/XMLSchema' xmlns:typens='http://www.esri.com/schemas/ArcGIS/10.3'&gt;&lt;WKT&gt;GEOGCS[&amp;quot;GCS_SIRGAS_2000&amp;quot;,DATUM[&amp;quot;D_SIRGAS_2000&amp;quot;,SPHEROID[&amp;quot;GRS_1980&amp;quot;,6378137.0,298.257222101]],PRIMEM[&amp;quot;Greenwich&amp;quot;,0.0],UNIT[&amp;quot;Degree&amp;quot;,0.0174532925199433],AUTHORITY[&amp;quot;EPSG&amp;quot;,4674]]&lt;/WKT&gt;&lt;XOrigin&gt;-400&lt;/XOrigin&gt;&lt;YOrigin&gt;-400&lt;/YOrigin&gt;&lt;XYScale&gt;11258999068426.238&lt;/XYScale&gt;&lt;ZOrigin&gt;-100000&lt;/ZOrigin&gt;&lt;ZScale&gt;10000&lt;/ZScale&gt;&lt;MOrigin&gt;-100000&lt;/MOrigin&gt;&lt;MScale&gt;10000&lt;/MScale&gt;&lt;XYTolerance&gt;8.9831528411952133e-009&lt;/XYTolerance&gt;&lt;ZTolerance&gt;0.001&lt;/ZTolerance&gt;&lt;MTolerance&gt;0.001&lt;/MTolerance&gt;&lt;HighPrecision&gt;true&lt;/HighPrecision&gt;&lt;LeftLongitude&gt;-180&lt;/LeftLongitude&gt;&lt;WKID&gt;4674&lt;/WKID&gt;&lt;LatestWKID&gt;4674&lt;/LatestWKID&gt;&lt;/GeographicCoordinateSystem&gt;</peXml></coordRef><copyHistory><copy source="D:\Marta\Biomas\Shapes_Finais\lm_bioma_250" dest="\\ibge.gov.br\DGC-CREN\05-PROJETOS\Biomas_250\08_Resultados\finais_entrega\lm_bioma_250" date="20191001" time="13582000"></copy></copyHistory></DataProperties><SyncDate>20190920</SyncDate><SyncTime>14145600</SyncTime><ModDate>20190920</ModDate><ModTime>14145600</ModTime></Esri><dataIdInfo><envirDesc Sync="TRUE">Microsoft Windows 7 Version 6.1 (Build 7601) Service Pack 1; Esri ArcGIS 10.3.0.4322</envirDesc><dataLang><languageCode value="por" Sync="TRUE"></languageCode><countryCode value="BRA" Sync="TRUE"></countryCode></dataLang><idCitation><resTitle Sync="TRUE">lm_bioma_250</resTitle><presForm><PresFormCd value="005" Sync="TRUE"></PresFormCd></presForm></idCitation><spatRpType><SpatRepTypCd value="001" Sync="TRUE"></SpatRepTypCd></spatRpType></dataIdInfo><mdLang><languageCode value="por" Sync="TRUE"></languageCode><countryCode value="BRA" Sync="TRUE"></countryCode></mdLang><distInfo><distFormat><formatName Sync="TRUE">Shapefile</formatName></distFormat><distTranOps><transSize Sync="TRUE">0.000</transSize></distTranOps></distInfo><mdHrLv><ScopeCd value="005" Sync="TRUE"></ScopeCd></mdHrLv><mdHrLvName Sync="TRUE">dataset</mdHrLvName><refSysInfo><RefSystem><refSysID><identCode code="4674" Sync="TRUE"></identCode><idCodeSpace Sync="TRUE">EPSG</idCodeSpace><idVersion Sync="TRUE">8.2.6</idVersion></refSysID></RefSystem></refSysInfo><spatRepInfo><VectSpatRep><geometObjs Name="lm_bioma_250"><geoObjTyp><GeoObjTypCd value="002" Sync="TRUE"></GeoObjTypCd></geoObjTyp><geoObjCnt Sync="TRUE">0</geoObjCnt></geometObjs><topLvl><TopoLevCd value="001" Sync="TRUE"></TopoLevCd></topLvl></VectSpatRep></spatRepInfo><spdoinfo><ptvctinf><esriterm Name="lm_bioma_250"><efeatyp Sync="TRUE">Simple</efeatyp><efeageom code="4" Sync="TRUE"></efeageom><esritopo Sync="TRUE">FALSE</esritopo><efeacnt Sync="TRUE">0</efeacnt><spindex Sync="TRUE">FALSE</spindex><linrefer Sync="TRUE">FALSE</linrefer></esriterm></ptvctinf></spdoinfo><eainfo><detailed Name="lm_bioma_250"><enttyp><enttypl Sync="TRUE">lm_bioma_250</enttypl><enttypt Sync="TRUE">Feature Class</enttypt><enttypc Sync="TRUE">0</enttypc></enttyp><attr><attrlabl Sync="TRUE">FID</attrlabl><attalias Sync="TRUE">FID</attalias><attrtype Sync="TRUE">OID</attrtype><attwidth Sync="TRUE">4</attwidth><atprecis Sync="TRUE">0</atprecis><attscale Sync="TRUE">0</attscale><attrdef Sync="TRUE">Internal feature number.</attrdef><attrdefs Sync="TRUE">Esri</attrdefs><attrdomv><udom Sync="TRUE">Sequential unique whole numbers that are automatically generated.</udom></attrdomv></attr><attr><attrlabl Sync="TRUE">Shape</attrlabl><attalias Sync="TRUE">Shape</attalias><attrtype Sync="TRUE">Geometry</attrtype><attwidth Sync="TRUE">0</attwidth><atprecis Sync="TRUE">0</atprecis><attscale Sync="TRUE">0</attscale><attrdef Sync="TRUE">Feature geometry.</attrdef><attrdefs Sync="TRUE">Esri</attrdefs><attrdomv><udom Sync="TRUE">Coordinates defining the features.</udom></attrdomv></attr><attr><attrlabl Sync="TRUE">Bioma</attrlabl><attalias Sync="TRUE">Bioma</attalias><attrtype Sync="TRUE">String</attrtype><attwidth Sync="TRUE">254</attwidth><atprecis Sync="TRUE">0</atprecis><attscale Sync="TRUE">0</attscale></attr></detailed></eainfo><mdDateSt Sync="TRUE">20190920</mdDateSt></metadata>
