{
    "version": 8,
    "name": "Basic",
    "metadata": {
        "mapbox:type": "default",
        "mapbox:origin": "basic-v1",
        "mapbox:sdk-support": {
            "js": "1.9.0",
            "android": "8.6.0",
            "ios": "5.6.0"
        },
        "mapbox:autocomposite": true,
        "mapbox:groups": {
            "Administrative boundaries, admin": {
                "name": "Administrative boundaries, admin",
                "collapsed": true
            },
            "Land & water, built": {
                "name": "Land & water, built",
                "collapsed": true
            },
            "Land & water, land": {
                "name": "Land & water, land",
                "collapsed": true
            },
            "Road network, bridges": {
                "name": "Road network, bridges",
                "collapsed": true
            },
            "Road network, tunnels": {
                "name": "Road network, tunnels",
                "collapsed": true
            },
            "Road network, road-labels": {
                "name": "Road network, road-labels",
                "collapsed": true
            },
            "Road network, surface": {
                "name": "Road network, surface",
                "collapsed": true
            },
            "Place labels, place-labels": {
                "name": "Place labels, place-labels",
                "collapsed": true
            },
            "Land & water, water": {
                "name": "Land & water, water",
                "collapsed": true
            }
        },
        "mapbox:uiParadigm": "layers",
        "mapbox:trackposition": true,
        "mapbox:decompiler": {
            "id": "ckcccawwn145a1ipdhzsxkcca",
            "componentVersion": "3.0.0",
            "strata": [
                {
                    "id": "basic-v1",
                    "order": [
                        ["land-and-water", "land"],
                        ["land-and-water", "water"],
                        ["land-and-water", "built"],
                        ["road-network", "tunnels-case"],
                        "mapbox-satellite",
                        ["road-network", "tunnels"],
                        ["road-network", "surface"],
                        ["road-network", "surface-icons"],
                        ["road-network", "bridges"],
                        ["road-network", "traffic-and-closures"],
                        ["admin-boundaries", "admin"],
                        ["road-network", "road-labels"],
                        "municipios-com-barragens",
                        "manchas-inundacao-mg",
                        "manchas-inundacao-mg-dissolve-80j9k3",
                        ["place-labels", "place-labels"],
                        "local-das-barragens",
                        "escolas-nas-manchas-5x4pqu",
                        "predios-publicos-manchas-dnnqd1"
                    ]
                }
            ],
            "overrides": {
                "road-network": {
                    "road-simple": {"paint": {"line-opacity": 0.3}},
                    "road-label-simple": {"layout": {"visibility": "none"}}
                }
            },
            "components": {
                "road-network": "3.0.0",
                "place-labels": "3.0.0",
                "land-and-water": "3.0.0",
                "admin-boundaries": "3.0.0"
            },
            "propConfig": {
                "road-network": {
                    "color-base": "hsl(40, 48%, 92%)",
                    "color-road": "hsl(38, 55%, 100%)",
                    "roadNetwork": "Simple"
                },
                "place-labels": {
                    "color-base": "hsl(40, 48%, 92%)",
                    "color-place-label": "hsl(0, 0%, 15%)",
                    "settlementSubdivisionsDensity": 3,
                    "settlementLabelStyle": "Text only",
                    "language": "Portugese",
                    "settlementSubdivisions": true
                },
                "land-and-water": {
                    "color-airport": "hsl(225, 4%, 40%)",
                    "color-hospital": "hsl(3, 45%, 55%)",
                    "landcover": false,
                    "color-greenspace": "hsl(78, 50%, 73%)",
                    "color-water": "hsl(205, 76%, 70%)",
                    "transitionLandOnZoom": false,
                    "waterStyle": "Simple",
                    "color-base": "hsl(40, 48%, 92%)",
                    "landuse": false,
                    "color-school": "hsl(40, 45%, 45%)"
                },
                "admin-boundaries": {
                    "color-base": "hsl(40, 48%, 92%)",
                    "color-place-label": "hsl(0, 0%, 15%)",
                    "admin0Width": 1,
                    "admin1DashPattern": "Solid"
                }
            }
        }
    },
    "center": [-43.70032219945318, -20.001746080307385],
    "zoom": 8.68290273668756,
    "bearing": 0,
    "pitch": 0,
    "sources": {
        "mapbox://mapbox.satellite": {
            "url": "mapbox://mapbox.satellite",
            "type": "raster",
            "tileSize": 256
        },
        "composite": {
            "url": "mapbox://mapbox.mapbox-streets-v8,hugonbg.8jvj3jup,hugonbg.ckcfldmzm0eqb22l36aqq3795-4lzzw,hugonbg.bfo814wr,hugonbg.ckccct2ld3k9n23p5qqy558u6-7hn0a,hugonbg.d3o0t10i",
            "type": "vector"
        }
    },
    "sprite": "mapbox://sprites/hugonbg/ckcccawwn145a1ipdhzsxkcca/60rgdc05e2edkqugxvh8bcgmo",
    "glyphs": "mapbox://fonts/hugonbg/{fontstack}/{range}.pbf",
    "layers": [
        {
            "id": "land",
            "type": "background",
            "metadata": {
                "mapbox:featureComponent": "land-and-water",
                "mapbox:group": "Land & water, land"
            },
            "layout": {},
            "paint": {"background-color": "hsl(40, 46%, 86%)"}
        },
        {
            "id": "waterway",
            "type": "line",
            "metadata": {
                "mapbox:featureComponent": "land-and-water",
                "mapbox:group": "Land & water, water"
            },
            "source": "composite",
            "source-layer": "waterway",
            "minzoom": 8,
            "layout": {
                "line-cap": ["step", ["zoom"], "butt", 11, "round"],
                "line-join": "round"
            },
            "paint": {
                "line-color": "hsl(205, 76%, 70%)",
                "line-width": [
                    "interpolate",
                    ["exponential", 1.3],
                    ["zoom"],
                    9,
                    ["match", ["get", "class"], ["canal", "river"], 0.1, 0],
                    20,
                    ["match", ["get", "class"], ["canal", "river"], 8, 3]
                ],
                "line-opacity": [
                    "interpolate",
                    ["linear"],
                    ["zoom"],
                    8,
                    0,
                    8.5,
                    1
                ]
            }
        },
        {
            "id": "water",
            "type": "fill",
            "metadata": {
                "mapbox:featureComponent": "land-and-water",
                "mapbox:group": "Land & water, water"
            },
            "source": "composite",
            "source-layer": "water",
            "layout": {},
            "paint": {"fill-color": "hsl(205, 76%, 70%)"}
        },
        {
            "id": "land-structure-polygon",
            "type": "fill",
            "metadata": {
                "mapbox:featureComponent": "land-and-water",
                "mapbox:group": "Land & water, built"
            },
            "source": "composite",
            "source-layer": "structure",
            "minzoom": 13,
            "filter": [
                "all",
                ["==", ["geometry-type"], "Polygon"],
                ["==", ["get", "class"], "land"]
            ],
            "layout": {},
            "paint": {"fill-color": "hsl(40, 46%, 86%)"}
        },
        {
            "id": "land-structure-line",
            "type": "line",
            "metadata": {
                "mapbox:featureComponent": "land-and-water",
                "mapbox:group": "Land & water, built"
            },
            "source": "composite",
            "source-layer": "structure",
            "minzoom": 13,
            "filter": [
                "all",
                ["==", ["geometry-type"], "LineString"],
                ["==", ["get", "class"], "land"]
            ],
            "layout": {"line-cap": "round"},
            "paint": {
                "line-width": [
                    "interpolate",
                    ["exponential", 1.99],
                    ["zoom"],
                    14,
                    0.75,
                    20,
                    40
                ],
                "line-color": "hsl(40, 46%, 86%)"
            }
        },
        {
            "id": "mapbox-satellite",
            "type": "raster",
            "source": "mapbox://mapbox.satellite",
            "minzoom": 11,
            "paint": {}
        },
        {
            "id": "tunnel-simple",
            "type": "line",
            "metadata": {
                "mapbox:featureComponent": "road-network",
                "mapbox:group": "Road network, tunnels"
            },
            "source": "composite",
            "source-layer": "road",
            "minzoom": 13,
            "filter": [
                "all",
                ["==", ["get", "structure"], "tunnel"],
                [
                    "step",
                    ["zoom"],
                    [
                        "match",
                        ["get", "class"],
                        [
                            "motorway",
                            "motorway_link",
                            "trunk",
                            "trunk_link",
                            "primary",
                            "secondary",
                            "tertiary",
                            "street",
                            "street_limited",
                            "primary_link",
                            "track"
                        ],
                        true,
                        false
                    ],
                    14,
                    [
                        "match",
                        ["get", "class"],
                        [
                            "motorway",
                            "motorway_link",
                            "trunk",
                            "trunk_link",
                            "primary",
                            "primary_link",
                            "secondary",
                            "secondary_link",
                            "tertiary",
                            "tertiary_link",
                            "street",
                            "street_limited",
                            "service",
                            "track"
                        ],
                        true,
                        false
                    ]
                ],
                ["==", ["geometry-type"], "LineString"]
            ],
            "layout": {},
            "paint": {
                "line-width": [
                    "interpolate",
                    ["exponential", 1.5],
                    ["zoom"],
                    13,
                    [
                        "match",
                        ["get", "class"],
                        ["motorway", "trunk", "primary"],
                        4,
                        ["secondary", "tertiary"],
                        2.5,
                        [
                            "motorway_link",
                            "trunk_link",
                            "street",
                            "street_limited",
                            "primary_link"
                        ],
                        1,
                        0.5
                    ],
                    18,
                    [
                        "match",
                        ["get", "class"],
                        ["motorway", "trunk", "primary"],
                        32,
                        ["secondary", "tertiary"],
                        26,
                        [
                            "motorway_link",
                            "trunk_link",
                            "street",
                            "street_limited",
                            "primary_link"
                        ],
                        18,
                        12
                    ]
                ],
                "line-color": "hsl(38, 55%, 93%)"
            }
        },
        {
            "id": "road-simple",
            "type": "line",
            "metadata": {
                "mapbox:featureComponent": "road-network",
                "mapbox:group": "Road network, surface"
            },
            "source": "composite",
            "source-layer": "road",
            "minzoom": 5,
            "filter": [
                "all",
                [
                    "step",
                    ["zoom"],
                    [
                        "match",
                        ["get", "class"],
                        ["motorway", "trunk"],
                        true,
                        false
                    ],
                    6,
                    [
                        "match",
                        ["get", "class"],
                        ["motorway", "trunk", "primary"],
                        true,
                        false
                    ],
                    8,
                    [
                        "match",
                        ["get", "class"],
                        ["motorway", "trunk", "primary", "secondary"],
                        true,
                        false
                    ],
                    10,
                    [
                        "match",
                        ["get", "class"],
                        [
                            "motorway",
                            "trunk",
                            "primary",
                            "secondary",
                            "tertiary",
                            "motorway_link",
                            "trunk_link"
                        ],
                        true,
                        false
                    ],
                    11,
                    [
                        "match",
                        ["get", "class"],
                        [
                            "motorway",
                            "motorway_link",
                            "trunk",
                            "trunk_link",
                            "primary",
                            "secondary",
                            "tertiary",
                            "street"
                        ],
                        true,
                        false
                    ],
                    12,
                    [
                        "match",
                        ["get", "class"],
                        [
                            "motorway",
                            "motorway_link",
                            "trunk",
                            "trunk_link",
                            "primary",
                            "secondary",
                            "tertiary",
                            "street",
                            "street_limited",
                            "primary_link"
                        ],
                        true,
                        false
                    ],
                    13,
                    [
                        "match",
                        ["get", "class"],
                        [
                            "motorway",
                            "motorway_link",
                            "trunk",
                            "trunk_link",
                            "primary",
                            "secondary",
                            "tertiary",
                            "street",
                            "street_limited",
                            "primary_link",
                            "track"
                        ],
                        true,
                        false
                    ],
                    14,
                    [
                        "match",
                        ["get", "class"],
                        [
                            "motorway",
                            "motorway_link",
                            "trunk",
                            "trunk_link",
                            "primary",
                            "primary_link",
                            "secondary",
                            "secondary_link",
                            "tertiary",
                            "tertiary_link",
                            "street",
                            "street_limited",
                            "service",
                            "track"
                        ],
                        true,
                        false
                    ]
                ],
                ["match", ["get", "structure"], ["none", "ford"], true, false],
                ["==", ["geometry-type"], "LineString"]
            ],
            "layout": {
                "line-cap": ["step", ["zoom"], "butt", 14, "round"],
                "line-join": ["step", ["zoom"], "miter", 14, "round"]
            },
            "paint": {
                "line-width": [
                    "interpolate",
                    ["exponential", 1.5],
                    ["zoom"],
                    5,
                    [
                        "match",
                        ["get", "class"],
                        ["motorway", "trunk", "primary"],
                        0.75,
                        ["secondary", "tertiary"],
                        0.1,
                        0
                    ],
                    13,
                    [
                        "match",
                        ["get", "class"],
                        ["motorway", "trunk", "primary"],
                        4,
                        ["secondary", "tertiary"],
                        2.5,
                        [
                            "motorway_link",
                            "trunk_link",
                            "primary_link",
                            "street",
                            "street_limited"
                        ],
                        1,
                        0.5
                    ],
                    18,
                    [
                        "match",
                        ["get", "class"],
                        ["motorway", "trunk", "primary"],
                        32,
                        ["secondary", "tertiary"],
                        26,
                        [
                            "motorway_link",
                            "trunk_link",
                            "primary_link",
                            "street",
                            "street_limited"
                        ],
                        18,
                        10
                    ]
                ],
                "line-color": [
                    "match",
                    ["get", "class"],
                    [
                        "primary_link",
                        "secondary_link",
                        "tertiary_link",
                        "street",
                        "street_limited",
                        "service",
                        "track"
                    ],
                    "hsl(38, 55%, 95%)",
                    "hsl(38, 55%, 100%)"
                ],
                "line-opacity": 0.3
            }
        },
        {
            "id": "bridge-case-simple",
            "type": "line",
            "metadata": {
                "mapbox:featureComponent": "road-network",
                "mapbox:group": "Road network, bridges"
            },
            "source": "composite",
            "source-layer": "road",
            "minzoom": 13,
            "filter": [
                "all",
                ["==", ["get", "structure"], "bridge"],
                [
                    "step",
                    ["zoom"],
                    [
                        "match",
                        ["get", "class"],
                        [
                            "motorway",
                            "motorway_link",
                            "trunk",
                            "trunk_link",
                            "primary",
                            "secondary",
                            "tertiary",
                            "street",
                            "street_limited",
                            "primary_link",
                            "track"
                        ],
                        true,
                        false
                    ],
                    14,
                    [
                        "match",
                        ["get", "class"],
                        [
                            "motorway",
                            "motorway_link",
                            "trunk",
                            "trunk_link",
                            "primary",
                            "primary_link",
                            "secondary",
                            "secondary_link",
                            "tertiary",
                            "tertiary_link",
                            "street",
                            "street_limited",
                            "service",
                            "track"
                        ],
                        true,
                        false
                    ]
                ],
                ["==", ["geometry-type"], "LineString"]
            ],
            "layout": {"line-join": ["step", ["zoom"], "miter", 14, "round"]},
            "paint": {
                "line-width": [
                    "interpolate",
                    ["exponential", 1.5],
                    ["zoom"],
                    13,
                    [
                        "match",
                        ["get", "class"],
                        ["motorway", "trunk", "primary"],
                        6,
                        ["secondary", "tertiary"],
                        4,
                        [
                            "motorway_link",
                            "trunk_link",
                            "street",
                            "street_limited",
                            "primary_link"
                        ],
                        2.5,
                        1.25
                    ],
                    18,
                    [
                        "match",
                        ["get", "class"],
                        ["motorway", "trunk", "primary"],
                        36,
                        ["secondary", "tertiary"],
                        30,
                        [
                            "motorway_link",
                            "trunk_link",
                            "street",
                            "street_limited",
                            "primary_link"
                        ],
                        22,
                        16
                    ]
                ],
                "line-color": "hsl(40, 46%, 86%)"
            }
        },
        {
            "id": "bridge-simple",
            "type": "line",
            "metadata": {
                "mapbox:featureComponent": "road-network",
                "mapbox:group": "Road network, bridges"
            },
            "source": "composite",
            "source-layer": "road",
            "minzoom": 13,
            "filter": [
                "all",
                ["==", ["get", "structure"], "bridge"],
                [
                    "step",
                    ["zoom"],
                    [
                        "match",
                        ["get", "class"],
                        ["motorway", "trunk"],
                        true,
                        false
                    ],
                    13,
                    [
                        "match",
                        ["get", "class"],
                        [
                            "motorway",
                            "motorway_link",
                            "trunk",
                            "trunk_link",
                            "primary",
                            "secondary",
                            "tertiary",
                            "street",
                            "street_limited",
                            "primary_link",
                            "track"
                        ],
                        true,
                        false
                    ],
                    14,
                    [
                        "match",
                        ["get", "class"],
                        [
                            "motorway",
                            "motorway_link",
                            "trunk",
                            "trunk_link",
                            "primary",
                            "primary_link",
                            "secondary",
                            "secondary_link",
                            "tertiary",
                            "tertiary_link",
                            "street",
                            "street_limited",
                            "service",
                            "track"
                        ],
                        true,
                        false
                    ]
                ],
                ["==", ["geometry-type"], "LineString"]
            ],
            "layout": {
                "line-cap": ["step", ["zoom"], "butt", 14, "round"],
                "line-join": ["step", ["zoom"], "miter", 14, "round"]
            },
            "paint": {
                "line-width": [
                    "interpolate",
                    ["exponential", 1.5],
                    ["zoom"],
                    13,
                    [
                        "match",
                        ["get", "class"],
                        ["motorway", "trunk", "primary"],
                        4,
                        ["secondary", "tertiary"],
                        2.5,
                        [
                            "motorway_link",
                            "trunk_link",
                            "street",
                            "street_limited",
                            "primary_link"
                        ],
                        1,
                        0.5
                    ],
                    18,
                    [
                        "match",
                        ["get", "class"],
                        ["motorway", "trunk", "primary"],
                        32,
                        ["secondary", "tertiary"],
                        26,
                        [
                            "motorway_link",
                            "trunk_link",
                            "street",
                            "street_limited",
                            "primary_link"
                        ],
                        18,
                        12
                    ]
                ],
                "line-color": [
                    "match",
                    ["get", "class"],
                    [
                        "primary_link",
                        "secondary_link",
                        "tertiary_link",
                        "street",
                        "street_limited",
                        "service",
                        "track"
                    ],
                    "hsl(38, 55%, 95%)",
                    "hsl(38, 55%, 100%)"
                ]
            }
        },
        {
            "id": "admin-1-boundary-bg",
            "type": "line",
            "metadata": {
                "mapbox:featureComponent": "admin-boundaries",
                "mapbox:group": "Administrative boundaries, admin"
            },
            "source": "composite",
            "source-layer": "admin",
            "filter": [
                "all",
                ["==", ["get", "admin_level"], 1],
                ["==", ["get", "maritime"], "false"],
                ["match", ["get", "worldview"], ["all", "US"], true, false]
            ],
            "layout": {"line-join": "bevel"},
            "paint": {
                "line-color": [
                    "interpolate",
                    ["linear"],
                    ["zoom"],
                    8,
                    "hsl(40, 46%, 86%)",
                    16,
                    "hsl(0, 0%, 87%)"
                ],
                "line-width": [
                    "interpolate",
                    ["linear"],
                    ["zoom"],
                    7,
                    3.75,
                    12,
                    5.5
                ],
                "line-opacity": [
                    "interpolate",
                    ["linear"],
                    ["zoom"],
                    7,
                    0,
                    8,
                    0.75
                ],
                "line-dasharray": [1, 0],
                "line-translate": [0, 0],
                "line-blur": ["interpolate", ["linear"], ["zoom"], 3, 0, 8, 3]
            }
        },
        {
            "id": "admin-0-boundary-bg",
            "type": "line",
            "metadata": {
                "mapbox:featureComponent": "admin-boundaries",
                "mapbox:group": "Administrative boundaries, admin"
            },
            "source": "composite",
            "source-layer": "admin",
            "minzoom": 1,
            "filter": [
                "all",
                ["==", ["get", "admin_level"], 0],
                ["==", ["get", "maritime"], "false"],
                ["match", ["get", "worldview"], ["all", "US"], true, false]
            ],
            "layout": {},
            "paint": {
                "line-width": [
                    "interpolate",
                    ["linear"],
                    ["zoom"],
                    3,
                    3.5,
                    10,
                    8
                ],
                "line-color": [
                    "interpolate",
                    ["linear"],
                    ["zoom"],
                    6,
                    "hsl(40, 46%, 86%)",
                    8,
                    "hsl(0, 0%, 87%)"
                ],
                "line-opacity": [
                    "interpolate",
                    ["linear"],
                    ["zoom"],
                    3,
                    0,
                    4,
                    0.5
                ],
                "line-translate": [0, 0],
                "line-blur": ["interpolate", ["linear"], ["zoom"], 3, 0, 10, 2]
            }
        },
        {
            "id": "admin-1-boundary",
            "type": "line",
            "metadata": {
                "mapbox:featureComponent": "admin-boundaries",
                "mapbox:group": "Administrative boundaries, admin"
            },
            "source": "composite",
            "source-layer": "admin",
            "filter": [
                "all",
                ["==", ["get", "admin_level"], 1],
                ["==", ["get", "maritime"], "false"],
                ["match", ["get", "worldview"], ["all", "US"], true, false]
            ],
            "layout": {"line-join": "round", "line-cap": "round"},
            "paint": {
                "line-dasharray": [10, 0],
                "line-width": [
                    "interpolate",
                    ["linear"],
                    ["zoom"],
                    7,
                    0.75,
                    12,
                    1.5
                ],
                "line-opacity": [
                    "interpolate",
                    ["linear"],
                    ["zoom"],
                    2,
                    0,
                    3,
                    1
                ],
                "line-color": [
                    "interpolate",
                    ["linear"],
                    ["zoom"],
                    3,
                    "hsl(0, 0%, 77%)",
                    7,
                    "hsl(0, 0%, 62%)"
                ]
            }
        },
        {
            "id": "admin-0-boundary",
            "type": "line",
            "metadata": {
                "mapbox:featureComponent": "admin-boundaries",
                "mapbox:group": "Administrative boundaries, admin"
            },
            "source": "composite",
            "source-layer": "admin",
            "minzoom": 1,
            "filter": [
                "all",
                ["==", ["get", "admin_level"], 0],
                ["==", ["get", "disputed"], "false"],
                ["==", ["get", "maritime"], "false"],
                ["match", ["get", "worldview"], ["all", "US"], true, false]
            ],
            "layout": {"line-join": "round", "line-cap": "round"},
            "paint": {
                "line-color": "hsl(0, 0%, 51%)",
                "line-width": [
                    "interpolate",
                    ["linear"],
                    ["zoom"],
                    3,
                    0.5,
                    10,
                    2
                ],
                "line-dasharray": [10, 0]
            }
        },
        {
            "id": "admin-0-boundary-disputed",
            "type": "line",
            "metadata": {
                "mapbox:featureComponent": "admin-boundaries",
                "mapbox:group": "Administrative boundaries, admin"
            },
            "source": "composite",
            "source-layer": "admin",
            "minzoom": 1,
            "filter": [
                "all",
                ["==", ["get", "disputed"], "true"],
                ["==", ["get", "admin_level"], 0],
                ["==", ["get", "maritime"], "false"],
                ["match", ["get", "worldview"], ["all", "US"], true, false]
            ],
            "layout": {"line-join": "round"},
            "paint": {
                "line-color": "hsl(0, 0%, 51%)",
                "line-width": [
                    "interpolate",
                    ["linear"],
                    ["zoom"],
                    3,
                    0.5,
                    10,
                    2
                ],
                "line-dasharray": [
                    "step",
                    ["zoom"],
                    ["literal", [3.25, 3.25]],
                    6,
                    ["literal", [2.5, 2.5]],
                    7,
                    ["literal", [2, 2.25]],
                    8,
                    ["literal", [1.75, 2]]
                ]
            }
        },
        {
            "id": "road-label-simple",
            "type": "symbol",
            "metadata": {
                "mapbox:featureComponent": "road-network",
                "mapbox:group": "Road network, road-labels"
            },
            "source": "composite",
            "source-layer": "road",
            "minzoom": 12,
            "filter": [
                "match",
                ["get", "class"],
                [
                    "motorway",
                    "trunk",
                    "primary",
                    "secondary",
                    "tertiary",
                    "street",
                    "street_limited"
                ],
                true,
                false
            ],
            "layout": {
                "text-size": [
                    "interpolate",
                    ["linear"],
                    ["zoom"],
                    10,
                    [
                        "match",
                        ["get", "class"],
                        [
                            "motorway",
                            "trunk",
                            "primary",
                            "secondary",
                            "tertiary"
                        ],
                        10,
                        9
                    ],
                    18,
                    [
                        "match",
                        ["get", "class"],
                        [
                            "motorway",
                            "trunk",
                            "primary",
                            "secondary",
                            "tertiary"
                        ],
                        16,
                        14
                    ]
                ],
                "text-max-angle": 30,
                "text-font": ["DIN Pro Regular", "Arial Unicode MS Regular"],
                "symbol-placement": "line",
                "text-padding": 1,
                "visibility": "none",
                "text-rotation-alignment": "map",
                "text-pitch-alignment": "viewport",
                "text-field": ["coalesce", ["get", "name_en"], ["get", "name"]],
                "text-letter-spacing": 0.01
            },
            "paint": {
                "text-color": "hsl(40, 47%, 41%)",
                "text-halo-color": "hsl(38, 55%, 100%)",
                "text-halo-width": 1
            }
        },
        {
            "id": "municipios-com-barragens",
            "type": "line",
            "source": "composite",
            "source-layer": "municipios_com_barragens",
            "layout": {"visibility": "none"},
            "paint": {"line-color": "hsl(0, 0%, 46%)"}
        },
        {
            "id": "manchas-inundacao-mg",
            "type": "fill",
            "source": "composite",
            "source-layer": "manchas_inundacao_mg",
            "layout": {"visibility": "none"},
            "paint": {"fill-color": "hsl(0, 28%, 39%)", "fill-opacity": 0.5}
        },
        {
            "id": "manchas-inundacao-mg-dissolve-80j9k3",
            "type": "fill",
            "source": "composite",
            "source-layer": "manchas_inundacao_mg_dissolve-80j9k3",
            "paint": {
                "fill-color": [
                    "step",
                    ["zoom"],
                    "hsl(21, 54%, 38%)",
                    11,
                    "hsl(21, 77%, 57%)"
                ],
                "fill-outline-color": [
                    "step",
                    ["zoom"],
                    "hsl(21, 58%, 31%)",
                    11,
                    "hsl(21, 100%, 100%)"
                ],
                "fill-opacity": ["step", ["zoom"], 1, 11, 0.5]
            }
        },
        {
            "id": "settlement-subdivision-label",
            "type": "symbol",
            "metadata": {
                "mapbox:featureComponent": "place-labels",
                "mapbox:group": "Place labels, place-labels"
            },
            "source": "composite",
            "source-layer": "place_label",
            "minzoom": 10,
            "maxzoom": 15,
            "filter": [
                "all",
                [
                    "case",
                    ["==", ["get", "disputed"], "true"],
                    [
                        "all",
                        [
                            "match",
                            ["get", "class"],
                            [
                                "settlement_subdivision",
                                "disputed_settlement_subdivision"
                            ],
                            true,
                            false
                        ],
                        [
                            "match",
                            ["get", "worldview"],
                            ["all", "US"],
                            true,
                            false
                        ]
                    ],
                    ["==", ["get", "class"], "settlement_subdivision"]
                ],
                ["<=", ["get", "filterrank"], 3]
            ],
            "layout": {
                "text-field": ["coalesce", ["get", "name_pt"], ["get", "name"]],
                "text-transform": "uppercase",
                "text-font": ["DIN Pro Regular", "Arial Unicode MS Regular"],
                "text-letter-spacing": [
                    "match",
                    ["get", "type"],
                    "suburb",
                    0.15,
                    0.1
                ],
                "text-max-width": 7,
                "text-padding": 3,
                "text-size": [
                    "interpolate",
                    ["cubic-bezier", 0.5, 0, 1, 1],
                    ["zoom"],
                    11,
                    ["match", ["get", "type"], "suburb", 11, 10.5],
                    15,
                    ["match", ["get", "type"], "suburb", 17, 16]
                ]
            },
            "paint": {
                "text-halo-color": "hsla(40, 53%, 100%, 0.75)",
                "text-halo-width": 1,
                "text-color": "hsl(0, 0%, 27%)",
                "text-halo-blur": 0.5
            }
        },
        {
            "id": "settlement-minor-label",
            "type": "symbol",
            "metadata": {
                "mapbox:featureComponent": "place-labels",
                "mapbox:group": "Place labels, place-labels"
            },
            "source": "composite",
            "source-layer": "place_label",
            "maxzoom": 15,
            "filter": [
                "all",
                ["<=", ["get", "filterrank"], 3],
                [
                    "case",
                    ["==", ["get", "disputed"], "true"],
                    [
                        "all",
                        [
                            "match",
                            ["get", "class"],
                            ["settlement", "disputed_settlement"],
                            true,
                            false
                        ],
                        [
                            "match",
                            ["get", "worldview"],
                            ["all", "US"],
                            true,
                            false
                        ]
                    ],
                    ["==", ["get", "class"], "settlement"]
                ],
                [
                    "step",
                    ["zoom"],
                    true,
                    8,
                    [">=", ["get", "symbolrank"], 11],
                    10,
                    [">=", ["get", "symbolrank"], 12],
                    11,
                    [">=", ["get", "symbolrank"], 13],
                    12,
                    [">=", ["get", "symbolrank"], 15],
                    13,
                    [">=", ["get", "symbolrank"], 11],
                    14,
                    [">=", ["get", "symbolrank"], 13]
                ]
            ],
            "layout": {
                "icon-image": "",
                "text-font": ["DIN Pro Regular", "Arial Unicode MS Regular"],
                "text-offset": [
                    "step",
                    ["zoom"],
                    ["literal", [0, 0]],
                    8,
                    ["literal", [0, 0]]
                ],
                "text-anchor": ["step", ["zoom"], "center", 8, "center"],
                "text-field": ["coalesce", ["get", "name_pt"], ["get", "name"]],
                "text-max-width": 7,
                "text-line-height": 1.1,
                "text-size": [
                    "interpolate",
                    ["cubic-bezier", 0.2, 0, 0.9, 1],
                    ["zoom"],
                    3,
                    [
                        "step",
                        ["get", "symbolrank"],
                        12,
                        9,
                        11,
                        10,
                        10.5,
                        12,
                        9.5,
                        14,
                        8.5,
                        16,
                        6.5,
                        17,
                        4
                    ],
                    13,
                    [
                        "step",
                        ["get", "symbolrank"],
                        25,
                        9,
                        23,
                        10,
                        21,
                        11,
                        19,
                        12,
                        18,
                        13,
                        17,
                        15,
                        15
                    ]
                ]
            },
            "paint": {
                "text-color": "hsl(0, 0%, 0%)",
                "text-halo-color": "hsl(40, 53%, 100%)",
                "text-halo-width": 1,
                "icon-opacity": ["step", ["zoom"], 1, 8, 0],
                "text-halo-blur": 1
            }
        },
        {
            "id": "settlement-major-label",
            "type": "symbol",
            "metadata": {
                "mapbox:featureComponent": "place-labels",
                "mapbox:group": "Place labels, place-labels"
            },
            "source": "composite",
            "source-layer": "place_label",
            "maxzoom": 15,
            "filter": [
                "all",
                ["<=", ["get", "filterrank"], 3],
                [
                    "case",
                    ["==", ["get", "disputed"], "true"],
                    [
                        "all",
                        [
                            "match",
                            ["get", "class"],
                            ["settlement", "disputed_settlement"],
                            true,
                            false
                        ],
                        [
                            "match",
                            ["get", "worldview"],
                            ["all", "US"],
                            true,
                            false
                        ]
                    ],
                    ["==", ["get", "class"], "settlement"]
                ],
                [
                    "step",
                    ["zoom"],
                    false,
                    8,
                    ["<", ["get", "symbolrank"], 11],
                    10,
                    ["<", ["get", "symbolrank"], 12],
                    11,
                    ["<", ["get", "symbolrank"], 13],
                    12,
                    ["<", ["get", "symbolrank"], 15],
                    13,
                    [">=", ["get", "symbolrank"], 11],
                    14,
                    [">=", ["get", "symbolrank"], 13]
                ]
            ],
            "layout": {
                "icon-image": "",
                "text-font": ["DIN Pro Medium", "Arial Unicode MS Regular"],
                "text-offset": [
                    "step",
                    ["zoom"],
                    ["literal", [0, 0]],
                    8,
                    ["literal", [0, 0]]
                ],
                "text-anchor": ["step", ["zoom"], "center", 8, "center"],
                "text-field": ["coalesce", ["get", "name_pt"], ["get", "name"]],
                "text-max-width": 7,
                "text-line-height": 1.1,
                "text-size": [
                    "interpolate",
                    ["cubic-bezier", 0.2, 0, 0.9, 1],
                    ["zoom"],
                    8,
                    ["step", ["get", "symbolrank"], 18, 9, 17, 10, 15],
                    15,
                    [
                        "step",
                        ["get", "symbolrank"],
                        28,
                        9,
                        26,
                        10,
                        23,
                        11,
                        21,
                        12,
                        20,
                        13,
                        19,
                        15,
                        16
                    ]
                ]
            },
            "paint": {
                "text-color": "hsl(0, 0%, 0%)",
                "text-halo-color": "hsl(40, 53%, 100%)",
                "text-halo-width": 1,
                "icon-opacity": ["step", ["zoom"], 1, 8, 0],
                "text-halo-blur": 1
            }
        },
        {
            "id": "state-label",
            "type": "symbol",
            "metadata": {
                "mapbox:featureComponent": "place-labels",
                "mapbox:group": "Place labels, place-labels"
            },
            "source": "composite",
            "source-layer": "place_label",
            "minzoom": 3,
            "maxzoom": 9,
            "filter": [
                "case",
                ["==", ["get", "disputed"], "true"],
                [
                    "all",
                    [
                        "match",
                        ["get", "class"],
                        ["state", "disputed_state"],
                        true,
                        false
                    ],
                    ["match", ["get", "worldview"], ["all", "US"], true, false]
                ],
                ["==", ["get", "class"], "state"]
            ],
            "layout": {
                "text-size": [
                    "interpolate",
                    ["cubic-bezier", 0.85, 0.7, 0.65, 1],
                    ["zoom"],
                    4,
                    ["step", ["get", "symbolrank"], 10, 6, 9.5, 7, 9],
                    9,
                    ["step", ["get", "symbolrank"], 24, 6, 18, 7, 14]
                ],
                "text-transform": "uppercase",
                "text-font": ["DIN Pro Bold", "Arial Unicode MS Bold"],
                "text-field": [
                    "step",
                    ["zoom"],
                    [
                        "step",
                        ["get", "symbolrank"],
                        ["coalesce", ["get", "name_pt"], ["get", "name"]],
                        5,
                        [
                            "coalesce",
                            ["get", "abbr"],
                            ["get", "name_pt"],
                            ["get", "name"]
                        ]
                    ],
                    5,
                    ["coalesce", ["get", "name_pt"], ["get", "name"]]
                ],
                "text-letter-spacing": 0.15,
                "text-max-width": 6
            },
            "paint": {
                "text-color": "hsl(0, 0%, 0%)",
                "text-halo-color": "hsl(40, 53%, 100%)",
                "text-halo-width": 1
            }
        },
        {
            "id": "country-label",
            "type": "symbol",
            "metadata": {
                "mapbox:featureComponent": "place-labels",
                "mapbox:group": "Place labels, place-labels"
            },
            "source": "composite",
            "source-layer": "place_label",
            "minzoom": 1,
            "maxzoom": 10,
            "filter": [
                "case",
                ["==", ["get", "disputed"], "true"],
                [
                    "all",
                    [
                        "match",
                        ["get", "class"],
                        ["country", "disputed_country"],
                        true,
                        false
                    ],
                    ["match", ["get", "worldview"], ["all", "US"], true, false]
                ],
                ["==", ["get", "class"], "country"]
            ],
            "layout": {
                "icon-image": "",
                "text-field": ["coalesce", ["get", "name_pt"], ["get", "name"]],
                "text-line-height": 1.1,
                "text-max-width": 6,
                "text-font": ["DIN Pro Medium", "Arial Unicode MS Regular"],
                "text-offset": ["literal", [0, 0]],
                "text-size": [
                    "interpolate",
                    ["cubic-bezier", 0.2, 0, 0.7, 1],
                    ["zoom"],
                    1,
                    ["step", ["get", "symbolrank"], 11, 4, 9, 5, 8],
                    9,
                    ["step", ["get", "symbolrank"], 28, 4, 22, 5, 21]
                ]
            },
            "paint": {
                "icon-opacity": [
                    "step",
                    ["zoom"],
                    ["case", ["has", "text_anchor"], 1, 0],
                    7,
                    0
                ],
                "text-color": "hsl(0, 0%, 0%)",
                "text-halo-color": [
                    "interpolate",
                    ["linear"],
                    ["zoom"],
                    2,
                    "hsla(40, 53%, 100%, 0.75)",
                    3,
                    "hsl(40, 53%, 100%)"
                ],
                "text-halo-width": 1.25
            }
        },
        {
            "id": "local-das-barragens",
            "type": "symbol",
            "source": "composite",
            "source-layer": "local_das_barragens",
            "minzoom": 8,
            "layout": {
                "icon-image": [
                    "match",
                    ["get", "Barragem_nome"],
                    ["IV - Rompida", "I - Rompida"],
                    "Barragem_rompidas-01",
                    "Barragem_025"
                ],
                "icon-size": [
                    "interpolate",
                    ["linear"],
                    ["zoom"],
                    8,
                    0.25,
                    13,
                    0.35
                ],
                "text-field": ["step", ["zoom"], "", 22, ""],
                "symbol-placement": ["step", ["zoom"], "point", 22, "point"]
            },
            "paint": {}
        },
        {
            "id": "escolas-nas-manchas-5x4pqu",
            "type": "symbol",
            "source": "composite",
            "source-layer": "escolas_nas_manchas-5x4pqu",
            "minzoom": 12,
            "layout": {"icon-image": "college-15", "icon-size": 2},
            "paint": {}
        },
        {
            "id": "predios-publicos-manchas-dnnqd1",
            "type": "symbol",
            "source": "composite",
            "source-layer": "predios_publicos_manchas-dnnqd1",
            "minzoom": 12,
            "layout": {
                "text-size": 14,
                "icon-image": "museum-15",
                "icon-size": 2
            },
            "paint": {
                "text-color": "hsl(0, 0%, 0%)",
                "text-halo-color": "hsl(54, 100%, 100%)",
                "text-halo-width": 2,
                "text-halo-blur": 1
            }
        }
    ],
    "created": "2020-07-07T19:42:09.068Z",
    "id": "ckcccawwn145a1ipdhzsxkcca",
    "modified": "2020-07-16T15:41:57.141Z",
    "owner": "hugonbg",
    "visibility": "public",
    "draft": false
}